{
    "total_runtime": 1.9101309776306152,
    "num_documents": 1,
    "input_load_time": 0,
    "workflows": {
        "create_base_text_units": {
            "overall": 0.3940892219543457,
            "0_orderby": 0.0065610408782958984,
            "1_zip": 0.0039408206939697266,
            "2_aggregate_override": 0.008109092712402344,
            "3_chunk": 0.31885409355163574,
            "4_select": 0.005473136901855469,
            "5_unroll": 0.011209964752197266,
            "6_rename": 0.0038368701934814453,
            "7_genid": 0.007658958435058594,
            "8_unzip": 0.005221128463745117,
            "9_copy": 0.004281044006347656,
            "10_filter": 0.016516923904418945
        },
        "create_base_extracted_entities": {
            "overall": 1.2553181648254395,
            "0_entity_extract": 1.1923959255218506,
            "1_merge_graphs": 0.05813002586364746
        }
    }
}