{
    "total_runtime": 174.75544476509094,
    "num_documents": 1,
    "input_load_time": 0,
    "workflows": {
        "create_base_text_units": {
            "overall": 0.39489293098449707,
            "0_orderby": 0.0076830387115478516,
            "1_zip": 0.004229068756103516,
            "2_aggregate_override": 0.008553028106689453,
            "3_chunk": 0.31922101974487305,
            "4_select": 0.0048215389251708984,
            "5_unroll": 0.010915756225585938,
            "6_rename": 0.0036842823028564453,
            "7_genid": 0.007431983947753906,
            "8_unzip": 0.004945993423461914,
            "9_copy": 0.0042421817779541016,
            "10_filter": 0.016810178756713867
        },
        "create_base_extracted_entities": {
            "overall": 1.3855748176574707,
            "0_entity_extract": 1.3164448738098145,
            "1_merge_graphs": 0.06440520286560059
        },
        "create_summarized_entities": {
            "overall": 8.652197122573853,
            "0_summarize_descriptions": 8.646741151809692
        },
        "create_base_entity_graph": {
            "overall": 0.22572088241577148,
            "0_cluster_graph": 0.21269774436950684,
            "1_select": 0.00699615478515625
        },
        "create_final_entities": {
            "overall": 0.5729589462280273,
            "0_unpack_graph": 0.08217191696166992,
            "1_rename": 0.00850987434387207,
            "2_select": 0.00820302963256836,
            "3_dedupe": 0.011551856994628906,
            "4_rename": 0.008596181869506836,
            "5_filter": 0.051071882247924805,
            "6_text_split": 0.012381315231323242,
            "7_drop": 0.010048151016235352,
            "8_merge": 0.039808034896850586,
            "9_text_embed": 0.2997567653656006,
            "10_drop": 0.010165929794311523,
            "11_filter": 0.023450136184692383
        },
        "create_final_nodes": {
            "overall": 0.6529810428619385,
            "0_layout_graph": 0.310107946395874,
            "1_unpack_graph": 0.09165167808532715,
            "2_unpack_graph": 0.09007000923156738,
            "3_drop": 0.011629104614257812,
            "4_filter": 0.0330197811126709,
            "5_select": 0.012120246887207031,
            "6_rename": 0.012865066528320312,
            "7_join": 0.022701740264892578,
            "8_convert": 0.045037031173706055,
            "9_rename": 0.013641834259033203
        },
        "create_final_communities": {
            "overall": 0.6324701309204102,
            "0_unpack_graph": 0.08549785614013672,
            "1_unpack_graph": 0.08726906776428223,
            "2_aggregate_override": 0.021600961685180664,
            "3_join": 0.023932933807373047,
            "4_join": 0.023865222930908203,
            "5_concat": 0.015527009963989258,
            "6_filter": 0.19228696823120117,
            "7_aggregate_override": 0.023539066314697266,
            "8_join": 0.019423961639404297,
            "9_filter": 0.051712989807128906,
            "10_fill": 0.016221284866333008,
            "11_merge": 0.02507495880126953,
            "12_copy": 0.016370058059692383,
            "13_select": 0.016885042190551758
        },
        "join_text_units_to_entity_ids": {
            "overall": 0.07798290252685547,
            "0_select": 0.018632173538208008,
            "1_unroll": 0.01969003677368164,
            "2_aggregate_override": 0.0221860408782959
        },
        "create_final_relationships": {
            "overall": 0.34509992599487305,
            "0_unpack_graph": 0.09676098823547363,
            "1_filter": 0.04742097854614258,
            "2_rename": 0.01980900764465332,
            "3_filter": 0.05513620376586914,
            "4_drop": 0.020354032516479492,
            "5_compute_edge_combined_degree": 0.024306058883666992,
            "6_convert": 0.04240298271179199,
            "7_convert": 0.020843029022216797
        },
        "join_text_units_to_relationship_ids": {
            "overall": 0.14561891555786133,
            "0_select": 0.02148604393005371,
            "1_unroll": 0.023122072219848633,
            "2_aggregate_override": 0.025744915008544922,
            "3_select": 0.022268056869506836
        },
        "create_final_community_reports": {
            "overall": 158.89475202560425,
            "0_prepare_community_reports_nodes": 0.032468318939208984,
            "1_prepare_community_reports_edges": 0.028557777404785156,
            "2_restore_community_hierarchy": 0.02852010726928711,
            "3_prepare_community_reports": 0.4457681179046631,
            "4_create_community_reports": 158.31236577033997,
            "5_window": 0.02521681785583496
        },
        "create_final_text_units": {
            "overall": 0.18541193008422852,
            "0_select": 0.024806976318359375,
            "1_rename": 0.025075912475585938,
            "2_join": 0.029561758041381836,
            "3_join": 0.028683185577392578,
            "4_aggregate_override": 0.028210878372192383,
            "5_select": 0.025151968002319336
        },
        "create_base_documents": {
            "overall": 0.2820889949798584,
            "0_unroll": 0.027952909469604492,
            "1_select": 0.027262210845947266,
            "2_rename": 0.026981115341186523,
            "3_join": 0.029901981353759766,
            "4_aggregate_override": 0.027745962142944336,
            "5_join": 0.03245186805725098,
            "6_rename": 0.027288198471069336,
            "7_convert": 0.057066917419433594
        },
        "create_final_documents": {
            "overall": 0.05507707595825195,
            "0_rename": 0.027891874313354492
        }
    }
}