{
    "total_runtime": 2.0614700317382812,
    "num_documents": 1,
    "input_load_time": 0,
    "workflows": {
        "create_base_text_units": {
            "overall": 0.38069677352905273,
            "0_orderby": 0.006134986877441406,
            "1_zip": 0.003834962844848633,
            "2_aggregate_override": 0.008188962936401367,
            "3_chunk": 0.3086071014404297,
            "4_select": 0.005159854888916016,
            "5_unroll": 0.00934600830078125,
            "6_rename": 0.0037136077880859375,
            "7_genid": 0.007465839385986328,
            "8_unzip": 0.00504302978515625,
            "9_copy": 0.004355192184448242,
            "10_filter": 0.016449689865112305
        },
        "create_base_extracted_entities": {
            "overall": 1.4519779682159424,
            "0_entity_extract": 1.3890259265899658,
            "1_merge_graphs": 0.05817890167236328
        }
    }
}