{
    "total_runtime": 163.3119990825653,
    "num_documents": 1,
    "input_load_time": 0,
    "workflows": {
        "create_base_text_units": {
            "overall": 0.3890969753265381,
            "0_orderby": 0.007670879364013672,
            "1_zip": 0.003837108612060547,
            "2_aggregate_override": 0.007623195648193359,
            "3_chunk": 0.31284403800964355,
            "4_select": 0.005548954010009766,
            "5_unroll": 0.010978221893310547,
            "6_rename": 0.0041429996490478516,
            "7_genid": 0.007285118103027344,
            "8_unzip": 0.004910945892333984,
            "9_copy": 0.0047910213470458984,
            "10_filter": 0.017068147659301758
        },
        "create_base_extracted_entities": {
            "overall": 1.246978998184204,
            "0_entity_extract": 1.183730125427246,
            "1_merge_graphs": 0.058541059494018555
        },
        "create_summarized_entities": {
            "overall": 0.2992229461669922,
            "0_summarize_descriptions": 0.29328107833862305
        },
        "create_base_entity_graph": {
            "overall": 0.2224431037902832,
            "0_cluster_graph": 0.2095181941986084,
            "1_select": 0.00693202018737793
        },
        "create_final_entities": {
            "overall": 0.5539669990539551,
            "0_unpack_graph": 0.08008170127868652,
            "1_rename": 0.007651805877685547,
            "2_select": 0.008762836456298828,
            "3_dedupe": 0.011289834976196289,
            "4_rename": 0.009045124053955078,
            "5_filter": 0.02086496353149414,
            "6_text_split": 0.01252293586730957,
            "7_drop": 0.009701013565063477,
            "8_merge": 0.04104495048522949,
            "9_text_embed": 0.3119540214538574,
            "10_drop": 0.01001286506652832,
            "11_filter": 0.024156808853149414
        },
        "create_final_nodes": {
            "overall": 0.6511459350585938,
            "0_layout_graph": 0.2896249294281006,
            "1_unpack_graph": 0.09156203269958496,
            "2_unpack_graph": 0.09155392646789551,
            "3_filter": 0.03271484375,
            "4_drop": 0.012040138244628906,
            "5_select": 0.012732744216918945,
            "6_rename": 0.012995004653930664,
            "7_join": 0.03695321083068848,
            "8_convert": 0.047051191329956055,
            "9_rename": 0.013765096664428711
        },
        "create_final_communities": {
            "overall": 0.6292381286621094,
            "0_unpack_graph": 0.08670210838317871,
            "1_unpack_graph": 0.08828616142272949,
            "2_aggregate_override": 0.02193593978881836,
            "3_join": 0.024319171905517578,
            "4_join": 0.024764060974121094,
            "5_concat": 0.016069889068603516,
            "6_filter": 0.19560909271240234,
            "7_aggregate_override": 0.023717164993286133,
            "8_join": 0.02062392234802246,
            "9_filter": 0.03666877746582031,
            "10_fill": 0.016962766647338867,
            "11_merge": 0.025965213775634766,
            "12_copy": 0.01670217514038086,
            "13_select": 0.017667055130004883
        },
        "join_text_units_to_entity_ids": {
            "overall": 0.07698702812194824,
            "0_select": 0.018275022506713867,
            "1_unroll": 0.019736289978027344,
            "2_aggregate_override": 0.02211308479309082
        },
        "create_final_relationships": {
            "overall": 0.3417372703552246,
            "0_unpack_graph": 0.09307193756103516,
            "1_filter": 0.046800851821899414,
            "2_rename": 0.019649744033813477,
            "3_filter": 0.055329084396362305,
            "4_drop": 0.020372867584228516,
            "5_compute_edge_combined_degree": 0.024699926376342773,
            "6_convert": 0.0426180362701416,
            "7_convert": 0.021407127380371094
        },
        "join_text_units_to_relationship_ids": {
            "overall": 0.11207342147827148,
            "0_select": 0.0214540958404541,
            "1_unroll": 0.022619009017944336,
            "2_aggregate_override": 0.025970935821533203,
            "3_select": 0.022095203399658203
        },
        "create_final_community_reports": {
            "overall": 156.0674810409546,
            "0_prepare_community_reports_nodes": 0.04465198516845703,
            "1_prepare_community_reports_edges": 0.03961825370788574,
            "2_restore_community_hierarchy": 0.06009984016418457,
            "3_prepare_community_reports": 0.4476480484008789,
            "4_create_community_reports": 155.42897415161133,
            "5_window": 0.02480006217956543
        },
        "create_final_text_units": {
            "overall": 0.1862621307373047,
            "0_select": 0.024810791015625,
            "1_rename": 0.024780988693237305,
            "2_join": 0.029076814651489258,
            "3_join": 0.029616117477416992,
            "4_aggregate_override": 0.02879190444946289,
            "5_select": 0.026046276092529297
        },
        "create_base_documents": {
            "overall": 0.31267499923706055,
            "0_unroll": 0.027481794357299805,
            "1_select": 0.026803016662597656,
            "2_rename": 0.027154922485351562,
            "3_join": 0.030350208282470703,
            "4_aggregate_override": 0.028624296188354492,
            "5_join": 0.03351902961730957,
            "6_rename": 0.0345301628112793,
            "7_convert": 0.07923197746276855
        },
        "create_final_documents": {
            "overall": 0.055693864822387695,
            "0_rename": 0.02851271629333496
        }
    }
}