{
    "total_runtime": 163.75363993644714,
    "num_documents": 1,
    "input_load_time": 0,
    "workflows": {
        "create_base_text_units": {
            "overall": 0.40331006050109863,
            "0_orderby": 0.007173061370849609,
            "1_zip": 0.005110025405883789,
            "2_aggregate_override": 0.009987831115722656,
            "3_chunk": 0.3219320774078369,
            "4_select": 0.004973888397216797,
            "5_unroll": 0.011371135711669922,
            "6_rename": 0.0038797855377197266,
            "7_genid": 0.0072209835052490234,
            "8_unzip": 0.00697779655456543,
            "9_copy": 0.004521846771240234,
            "10_filter": 0.017663002014160156
        },
        "create_base_extracted_entities": {
            "overall": 1.3710908889770508,
            "0_entity_extract": 1.2996108531951904,
            "1_merge_graphs": 0.06663179397583008
        },
        "create_summarized_entities": {
            "overall": 12.37439513206482,
            "0_summarize_descriptions": 12.36887502670288
        },
        "create_base_entity_graph": {
            "overall": 0.22845101356506348,
            "0_cluster_graph": 0.21554994583129883,
            "1_select": 0.006940364837646484
        },
        "create_final_entities": {
            "overall": 0.5451860427856445,
            "0_unpack_graph": 0.0797109603881836,
            "1_rename": 0.007653713226318359,
            "2_select": 0.008099079132080078,
            "3_dedupe": 0.011524200439453125,
            "4_rename": 0.008931875228881836,
            "5_filter": 0.0205380916595459,
            "6_text_split": 0.012358903884887695,
            "7_drop": 0.01005697250366211,
            "8_merge": 0.040426015853881836,
            "9_text_embed": 0.3060891628265381,
            "10_drop": 0.009920597076416016,
            "11_filter": 0.02302384376525879
        },
        "create_final_nodes": {
            "overall": 0.6492109298706055,
            "0_layout_graph": 0.29238104820251465,
            "1_unpack_graph": 0.09013104438781738,
            "2_unpack_graph": 0.09456682205200195,
            "3_drop": 0.012124300003051758,
            "4_filter": 0.03311514854431152,
            "5_select": 0.0124969482421875,
            "6_rename": 0.01304006576538086,
            "7_convert": 0.04609799385070801,
            "8_join": 0.024705886840820312,
            "9_rename": 0.020112037658691406
        },
        "create_final_communities": {
            "overall": 0.6233758926391602,
            "0_unpack_graph": 0.08625388145446777,
            "1_unpack_graph": 0.08795499801635742,
            "2_aggregate_override": 0.020856142044067383,
            "3_join": 0.024131059646606445,
            "4_join": 0.023632287979125977,
            "5_concat": 0.015337944030761719,
            "6_filter": 0.19826674461364746,
            "7_aggregate_override": 0.02369523048400879,
            "8_join": 0.01935100555419922,
            "9_filter": 0.0353238582611084,
            "10_fill": 0.01686716079711914,
            "11_merge": 0.02534794807434082,
            "12_copy": 0.016395092010498047,
            "13_select": 0.016824007034301758
        },
        "join_text_units_to_entity_ids": {
            "overall": 0.0900881290435791,
            "0_select": 0.017756938934326172,
            "1_unroll": 0.019273996353149414,
            "2_aggregate_override": 0.035942792892456055
        },
        "create_final_relationships": {
            "overall": 0.346437931060791,
            "0_unpack_graph": 0.09432077407836914,
            "1_filter": 0.04825425148010254,
            "2_rename": 0.019868850708007812,
            "3_filter": 0.0564119815826416,
            "4_drop": 0.020371198654174805,
            "5_compute_edge_combined_degree": 0.025277137756347656,
            "6_convert": 0.04275107383728027,
            "7_convert": 0.021430015563964844
        },
        "join_text_units_to_relationship_ids": {
            "overall": 0.11074471473693848,
            "0_select": 0.021079063415527344,
            "1_unroll": 0.02254486083984375,
            "2_aggregate_override": 0.025174856185913086,
            "3_select": 0.021730899810791016
        },
        "create_final_community_reports": {
            "overall": 144.18011283874512,
            "0_prepare_community_reports_nodes": 0.03222918510437012,
            "1_prepare_community_reports_edges": 0.028959989547729492,
            "2_restore_community_hierarchy": 0.028282880783081055,
            "3_prepare_community_reports": 0.4606359004974365,
            "4_create_community_reports": 143.58354091644287,
            "5_window": 0.024835824966430664
        },
        "create_final_text_units": {
            "overall": 0.18625211715698242,
            "0_select": 0.024519920349121094,
            "1_rename": 0.024985790252685547,
            "2_join": 0.028821945190429688,
            "3_join": 0.029337167739868164,
            "4_aggregate_override": 0.02932882308959961,
            "5_select": 0.02579522132873535
        },
        "create_base_documents": {
            "overall": 0.34885120391845703,
            "0_unroll": 0.027405977249145508,
            "1_select": 0.026767730712890625,
            "2_rename": 0.026921987533569336,
            "3_join": 0.030539989471435547,
            "4_aggregate_override": 0.055831193923950195,
            "5_join": 0.0381166934967041,
            "6_rename": 0.060279130935668945,
            "7_convert": 0.05802297592163086
        },
        "create_final_documents": {
            "overall": 0.05556917190551758,
            "0_rename": 0.028645038604736328
        }
    }
}