{
    "total_runtime": 179.1153347492218,
    "num_documents": 1,
    "input_load_time": 0,
    "workflows": {
        "create_base_text_units": {
            "overall": 0.3902740478515625,
            "0_orderby": 0.007462978363037109,
            "1_zip": 0.004644870758056641,
            "2_aggregate_override": 0.007544994354248047,
            "3_chunk": 0.31647300720214844,
            "4_select": 0.004743099212646484,
            "5_unroll": 0.011207818984985352,
            "6_rename": 0.00379180908203125,
            "7_genid": 0.0071222782135009766,
            "8_unzip": 0.004792690277099609,
            "9_copy": 0.004218101501464844,
            "10_filter": 0.015877723693847656
        },
        "create_base_extracted_entities": {
            "overall": 1.681061029434204,
            "0_entity_extract": 1.6130778789520264,
            "1_merge_graphs": 0.059897661209106445
        },
        "create_summarized_entities": {
            "overall": 9.611231088638306,
            "0_summarize_descriptions": 9.605229139328003
        },
        "create_base_entity_graph": {
            "overall": 0.24247288703918457,
            "0_cluster_graph": 0.226820707321167,
            "1_select": 0.00818490982055664
        },
        "create_final_entities": {
            "overall": 1.444678783416748,
            "0_unpack_graph": 0.07811093330383301,
            "1_rename": 0.008511066436767578,
            "2_select": 0.008585929870605469,
            "3_dedupe": 0.011075973510742188,
            "4_rename": 0.00886678695678711,
            "5_filter": 0.020559072494506836,
            "6_text_split": 0.011726140975952148,
            "7_drop": 0.009212732315063477,
            "8_merge": 0.03862905502319336,
            "9_text_embed": 1.2076451778411865,
            "10_drop": 0.011380195617675781,
            "11_filter": 0.023476362228393555
        },
        "create_final_nodes": {
            "overall": 0.7310841083526611,
            "0_layout_graph": 0.33332300186157227,
            "1_unpack_graph": 0.14412522315979004,
            "2_unpack_graph": 0.08995890617370605,
            "3_filter": 0.03191995620727539,
            "4_drop": 0.011679887771606445,
            "5_select": 0.012277841567993164,
            "6_rename": 0.014016866683959961,
            "7_convert": 0.046324968338012695,
            "8_join": 0.023916006088256836,
            "9_rename": 0.012988805770874023
        },
        "create_final_communities": {
            "overall": 0.6690731048583984,
            "0_unpack_graph": 0.08342194557189941,
            "1_unpack_graph": 0.08802485466003418,
            "2_aggregate_override": 0.027418851852416992,
            "3_join": 0.03147411346435547,
            "4_join": 0.023518085479736328,
            "5_concat": 0.01550602912902832,
            "6_filter": 0.19100594520568848,
            "7_aggregate_override": 0.02334308624267578,
            "8_join": 0.0192720890045166,
            "9_filter": 0.07870316505432129,
            "10_fill": 0.016343116760253906,
            "11_merge": 0.02468419075012207,
            "12_copy": 0.01627206802368164,
            "13_select": 0.016930103302001953
        },
        "join_text_units_to_entity_ids": {
            "overall": 0.0747978687286377,
            "0_select": 0.01770806312561035,
            "1_unroll": 0.01886582374572754,
            "2_aggregate_override": 0.021364927291870117
        },
        "create_final_relationships": {
            "overall": 0.4185018539428711,
            "0_unpack_graph": 0.08956694602966309,
            "1_filter": 0.04566311836242676,
            "2_rename": 0.040567874908447266,
            "3_filter": 0.09542298316955566,
            "4_drop": 0.024471044540405273,
            "5_compute_edge_combined_degree": 0.029613018035888672,
            "6_convert": 0.05293703079223633,
            "7_convert": 0.022429943084716797
        },
        "join_text_units_to_relationship_ids": {
            "overall": 0.15729999542236328,
            "0_select": 0.02669215202331543,
            "1_unroll": 0.030498743057250977,
            "2_aggregate_override": 0.04270219802856445,
            "3_select": 0.03288388252258301
        },
        "create_final_community_reports": {
            "overall": 160.75202298164368,
            "0_prepare_community_reports_nodes": 0.03728199005126953,
            "1_prepare_community_reports_edges": 0.031452178955078125,
            "2_restore_community_hierarchy": 0.032653093338012695,
            "3_prepare_community_reports": 0.5468959808349609,
            "4_create_community_reports": 160.05118799209595,
            "5_window": 0.02516007423400879
        },
        "create_final_text_units": {
            "overall": 0.18170404434204102,
            "0_select": 0.024027109146118164,
            "1_rename": 0.02440667152404785,
            "2_join": 0.028342008590698242,
            "3_join": 0.02826690673828125,
            "4_aggregate_override": 0.02821183204650879,
            "5_select": 0.025233983993530273
        },
        "create_base_documents": {
            "overall": 0.3032510280609131,
            "0_unroll": 0.026480913162231445,
            "1_select": 0.0329439640045166,
            "2_rename": 0.04583311080932617,
            "3_join": 0.029582738876342773,
            "4_aggregate_override": 0.027658939361572266,
            "5_join": 0.0326688289642334,
            "6_rename": 0.027019023895263672,
            "7_convert": 0.05607771873474121
        },
        "create_final_documents": {
            "overall": 0.05474710464477539,
            "0_rename": 0.02775883674621582
        }
    }
}