{
    "total_runtime": 199.53061079978943,
    "num_documents": 1,
    "input_load_time": 0,
    "workflows": {
        "create_base_text_units": {
            "overall": 0.3897206783294678,
            "0_orderby": 0.007902860641479492,
            "1_zip": 0.003428936004638672,
            "2_aggregate_override": 0.0074901580810546875,
            "3_chunk": 0.31461596488952637,
            "4_select": 0.005290985107421875,
            "5_unroll": 0.011424064636230469,
            "6_rename": 0.003731966018676758,
            "7_genid": 0.007381916046142578,
            "8_unzip": 0.0048980712890625,
            "9_copy": 0.004334926605224609,
            "10_filter": 0.01683211326599121
        },
        "create_base_extracted_entities": {
            "overall": 1.9790101051330566,
            "0_entity_extract": 1.9018909931182861,
            "1_merge_graphs": 0.07227897644042969
        },
        "create_summarized_entities": {
            "overall": 20.065500020980835,
            "0_summarize_descriptions": 20.059940814971924
        },
        "create_base_entity_graph": {
            "overall": 0.22615289688110352,
            "0_cluster_graph": 0.2128279209136963,
            "1_select": 0.007184267044067383
        },
        "create_final_entities": {
            "overall": 1.587270736694336,
            "0_unpack_graph": 0.0787210464477539,
            "1_rename": 0.007742166519165039,
            "2_select": 0.0081939697265625,
            "3_dedupe": 0.011108875274658203,
            "4_rename": 0.008444070816040039,
            "5_filter": 0.0205078125,
            "6_text_split": 0.011978864669799805,
            "7_drop": 0.009429931640625,
            "8_merge": 0.0391080379486084,
            "9_text_embed": 1.3513171672821045,
            "10_drop": 0.010442018508911133,
            "11_filter": 0.023391008377075195
        },
        "create_final_nodes": {
            "overall": 0.666409969329834,
            "0_layout_graph": 0.29975104331970215,
            "1_unpack_graph": 0.09044098854064941,
            "2_unpack_graph": 0.11418485641479492,
            "3_drop": 0.011808156967163086,
            "4_filter": 0.03299403190612793,
            "5_select": 0.012028932571411133,
            "6_rename": 0.012360334396362305,
            "7_convert": 0.04511094093322754,
            "8_join": 0.023581981658935547,
            "9_rename": 0.013083219528198242
        },
        "create_final_communities": {
            "overall": 0.730165958404541,
            "0_unpack_graph": 0.14063501358032227,
            "1_unpack_graph": 0.08861207962036133,
            "2_aggregate_override": 0.021881818771362305,
            "3_join": 0.02469778060913086,
            "4_join": 0.023900985717773438,
            "5_concat": 0.015474081039428711,
            "6_filter": 0.22961211204528809,
            "7_aggregate_override": 0.024133920669555664,
            "8_join": 0.019917964935302734,
            "9_filter": 0.03634476661682129,
            "10_fill": 0.016318082809448242,
            "11_merge": 0.03765726089477539,
            "12_copy": 0.02031397819519043,
            "13_select": 0.017177104949951172
        },
        "join_text_units_to_entity_ids": {
            "overall": 0.07628631591796875,
            "0_select": 0.0177762508392334,
            "1_unroll": 0.019062042236328125,
            "2_aggregate_override": 0.022275686264038086
        },
        "create_final_relationships": {
            "overall": 0.3348510265350342,
            "0_unpack_graph": 0.09209895133972168,
            "1_filter": 0.04629182815551758,
            "2_rename": 0.019459009170532227,
            "3_filter": 0.054244041442871094,
            "4_drop": 0.019601821899414062,
            "5_compute_edge_combined_degree": 0.023164987564086914,
            "6_convert": 0.04128623008728027,
            "7_convert": 0.02054572105407715
        },
        "join_text_units_to_relationship_ids": {
            "overall": 0.11029410362243652,
            "0_select": 0.020964860916137695,
            "1_unroll": 0.02241826057434082,
            "2_aggregate_override": 0.02497386932373047,
            "3_select": 0.02161717414855957
        },
        "create_final_community_reports": {
            "overall": 170.49631261825562,
            "0_prepare_community_reports_nodes": 0.033075809478759766,
            "1_prepare_community_reports_edges": 0.028956890106201172,
            "2_restore_community_hierarchy": 0.028775930404663086,
            "3_prepare_community_reports": 0.44153690338134766,
            "4_create_community_reports": 169.91663932800293,
            "5_window": 0.02502918243408203
        },
        "create_final_text_units": {
            "overall": 0.18531012535095215,
            "0_select": 0.024606943130493164,
            "1_rename": 0.024613142013549805,
            "2_join": 0.029017210006713867,
            "3_join": 0.029442787170410156,
            "4_aggregate_override": 0.028867006301879883,
            "5_select": 0.025770187377929688
        },
        "create_base_documents": {
            "overall": 0.2849903106689453,
            "0_unroll": 0.02727508544921875,
            "1_select": 0.026484966278076172,
            "2_rename": 0.026668071746826172,
            "3_join": 0.03086996078491211,
            "4_aggregate_override": 0.028512001037597656,
            "5_join": 0.0336461067199707,
            "6_rename": 0.027610063552856445,
            "7_convert": 0.05807995796203613
        },
        "create_final_documents": {
            "overall": 0.055448055267333984,
            "0_rename": 0.028522014617919922
        }
    }
}