{
    "total_runtime": 415.83254504203796,
    "num_documents": 1,
    "input_load_time": 0,
    "workflows": {
        "create_base_text_units": {
            "overall": 0.39820194244384766,
            "0_orderby": 0.0055277347564697266,
            "1_zip": 0.004101991653442383,
            "2_aggregate_override": 0.009435176849365234,
            "3_chunk": 0.3182499408721924,
            "4_select": 0.00501704216003418,
            "5_unroll": 0.008993864059448242,
            "6_rename": 0.0043849945068359375,
            "7_genid": 0.0071260929107666016,
            "8_unzip": 0.004904031753540039,
            "9_copy": 0.0049610137939453125,
            "10_filter": 0.023103952407836914
        },
        "create_base_extracted_entities": {
            "overall": 134.2624487876892,
            "0_entity_extract": 134.16806507110596,
            "1_merge_graphs": 0.08937382698059082
        },
        "create_summarized_entities": {
            "overall": 72.69054913520813,
            "0_summarize_descriptions": 72.68497586250305
        },
        "create_base_entity_graph": {
            "overall": 0.25917816162109375,
            "0_cluster_graph": 0.24604415893554688,
            "1_select": 0.0071260929107666016
        },
        "create_final_entities": {
            "overall": 1.3365089893341064,
            "0_unpack_graph": 0.08142209053039551,
            "1_rename": 0.007679939270019531,
            "2_select": 0.008782148361206055,
            "3_dedupe": 0.011755943298339844,
            "4_rename": 0.009016990661621094,
            "5_filter": 0.02148914337158203,
            "6_text_split": 0.012832880020141602,
            "7_drop": 0.010452032089233398,
            "8_merge": 0.040899038314819336,
            "9_text_embed": 1.090226173400879,
            "10_drop": 0.01015615463256836,
            "11_filter": 0.024894237518310547
        },
        "create_final_nodes": {
            "overall": 0.669776201248169,
            "0_layout_graph": 0.2974398136138916,
            "1_unpack_graph": 0.09293174743652344,
            "2_unpack_graph": 0.1145327091217041,
            "3_drop": 0.011520147323608398,
            "4_filter": 0.03265118598937988,
            "5_select": 0.012716054916381836,
            "6_rename": 0.01250314712524414,
            "7_join": 0.023581981658935547,
            "8_convert": 0.04663276672363281,
            "9_rename": 0.01424407958984375
        },
        "create_final_communities": {
            "overall": 0.6230669021606445,
            "0_unpack_graph": 0.08515691757202148,
            "1_unpack_graph": 0.08699202537536621,
            "2_aggregate_override": 0.019958019256591797,
            "3_join": 0.024668216705322266,
            "4_join": 0.024104833602905273,
            "5_concat": 0.015359878540039062,
            "6_filter": 0.19433283805847168,
            "7_aggregate_override": 0.024805068969726562,
            "8_join": 0.02033376693725586,
            "9_filter": 0.03719282150268555,
            "10_fill": 0.016976118087768555,
            "11_merge": 0.02553081512451172,
            "12_copy": 0.01708698272705078,
            "13_select": 0.017321109771728516
        },
        "join_text_units_to_entity_ids": {
            "overall": 0.07590889930725098,
            "0_select": 0.017541885375976562,
            "1_unroll": 0.019514083862304688,
            "2_aggregate_override": 0.02198481559753418
        },
        "create_final_relationships": {
            "overall": 0.33713483810424805,
            "0_unpack_graph": 0.09225106239318848,
            "1_filter": 0.04602694511413574,
            "2_rename": 0.01989006996154785,
            "3_filter": 0.05496382713317871,
            "4_drop": 0.019591808319091797,
            "5_compute_edge_combined_degree": 0.023767948150634766,
            "6_convert": 0.04129219055175781,
            "7_convert": 0.021522998809814453
        },
        "join_text_units_to_relationship_ids": {
            "overall": 0.11095213890075684,
            "0_select": 0.02077794075012207,
            "1_unroll": 0.023077964782714844,
            "2_aggregate_override": 0.025403976440429688,
            "3_select": 0.021616220474243164
        },
        "create_final_community_reports": {
            "overall": 202.10129475593567,
            "0_prepare_community_reports_nodes": 0.032354116439819336,
            "1_prepare_community_reports_edges": 0.028535127639770508,
            "2_restore_community_hierarchy": 0.027866840362548828,
            "3_prepare_community_reports": 0.4406130313873291,
            "4_create_community_reports": 201.51877188682556,
            "5_window": 0.031103849411010742
        },
        "create_final_text_units": {
            "overall": 0.18679022789001465,
            "0_select": 0.0247039794921875,
            "1_rename": 0.024753093719482422,
            "2_join": 0.02928614616394043,
            "3_join": 0.02949380874633789,
            "4_aggregate_override": 0.02929401397705078,
            "5_select": 0.026001930236816406
        },
        "create_base_documents": {
            "overall": 0.2896561622619629,
            "0_unroll": 0.027531147003173828,
            "1_select": 0.02693009376525879,
            "2_rename": 0.02707505226135254,
            "3_join": 0.030937910079956055,
            "4_aggregate_override": 0.028851032257080078,
            "5_join": 0.03453779220581055,
            "6_rename": 0.027698993682861328,
            "7_convert": 0.06108999252319336
        },
        "create_final_documents": {
            "overall": 0.05716300010681152,
            "0_rename": 0.02898883819580078
        }
    }
}